Unnamed: 0,TLInstance,Historian name For ITSC API,Historian Name SUGGESTION,Room,type,fumehood
0,TL252,145_Rm2164_FH475_Flow_TL Archive,FH475_Flow,2164,flow,FH475
1,TL253,145_Rm2164_FH475_Sash_TL Archive,FH475_Sash,2164,sash,FH475
2,TL256,145_Rm2164_FH727_Exhaust_Flow_l/s_TL Archive,FH727_Exhaust_Flow,2164,flow,FH727
3,TL264,145_Rm2164_FH727_Sash_Position_TL Archive,FH727_Sash,2164,sash,FH727
4,TL265,167_Rm4161B_FH331_Exhaust_Flow_TL Archive,FH331_Exhaust_Flow,4161B,flow,FH331
5,TL266,167_Rm4161B_FH331_Sash_Position_TL Archive,FH331_Sash,4161B,sash,FH331
6,TL267,167_Rm4161B_FH331_User_Status_TL Archive,FH331_User_Status,4161B,status,FH331
7,TL268, 184_Rm4160_FH333_Exhaust_Flow_TL Archive,FH333_Exhaust_Flow,4160,flow,FH333
8,TL269,184_Rm4160_FH333_Sash_Position_TL Archive,FH333_Sash,4160,sash,FH333
9,TL270,184_Rm4160_FH332_Exhaust_Flow_TL Archive,FH332_Exhaust_Flow,4160,flow,FH332
10,TL271,184_Rm4160_FH332_Sash_Position_TL Archive,FH332_Sash,4160,sash,FH332
11,TL272,184_Rm4160_FH333_User_Status_TL Archive,FH333_User_Status,4160,status,FH333
12,TL273,184_Rm4160_FH332_User_Status_TL Archive,FH332_User_Status,4160,status,FH332
13,TL274,227_Rm6143_FH321_Exhaust_Flow_TL Archive,FH321_Exhaust_Flow,6143,flow,FH321
14,TL276,227_Rm6143_FH321_Sash_Position_TL Archive,FH321_Sash,6143,sash,FH321
15,TL295,227_Rm6143_FH322_Exhaust_Flow_TL Archive,FH322_Exhaust_Flow,6143,flow,FH322
16,TL296,227_Rm6143_FH322_Sash_Position_TL Archive,FH322_Sash,6143,sash,FH322
17,TL297,227_Rm6143_FH321_User_Status_TL Archive,FH321_User_Status,6143,status,FH321
18,TL298,227_Rm6143_FH322_User_Status_TL Archive,FH322_User_Status,6143,status,FH322
19,TL299,228_Rm6145_FH319_Exhaust_Flow_TL Archive,FH319_Exhaust_Flow,6145,flow,FH319
20,TL300,228_Rm6145_FH319_Sash_Position_TL Archive,FH319_Sash,6145,sash,FH319
21,TL301,228_Rm6145_FH320_Exhaust_Flow_TL Archive,FH320_Exhaust_Flow,6145,flow,FH320
22,TL302,228_Rm6145_FH320_Sash_Position_TL Archive,FH320_Sash,6145,sash,FH320
23,TL303,228_Rm6145_FH319_User_Status_TL Archive,FH319_User_Status,6145,status,FH319
24,TL304,228_Rm6145_FH320_User_Status_TL Archive,FH320_User_Status,6145,status,FH320
25,TL305,229_Rm6146_FH325_Exhaust_Flow_TL Archive,FH325_Exhaust_Flow,6146,flow,FH325
26,TL306,229_Rm6146_FH325_Sash_Position_TL Archive,FH325_Sash,6146,sash,FH325
27,TL307,229_Rm6146_FH325_User_Status_TL Archive,FH325_User_Status,6146,status,FH325
28,TL312,232_Rm6143_FH725_Exhaust_Flow_l/s_TL Archive,FH725_Exhaust_Flow,6143,flow,FH725
29,TL313,232_Rm6143_FH726_Exhaust_Flow_l/s_TL Archive,FH726_Exhaust_Flow,6143,flow,FH726
30,TL315,232_Rm6143_FH726_Sash_Position_TL Archive,FH726_Sash,6143,sash,FH726
31,TL314,232_Rm6143_FH725_Sash_Position_TL Archive,FH725_Sash,6143,sash,FH725
32,TL308,276_Rm6149_FH708_Exhaust_Flow_TL Archive,FH708_Exhaust_Flow,6149,flow,FH708
33,TL309,276_Rm6149_FH708_Sash_Position_TL Archive,FH708_Sash,6149,sash,FH708
34,TL310,276_Rm6149_FH709_Exhaust_Flow_TL Archive,FH709_Exhaust_Flow,6149,flow,FH709
35,TL311,276_Rm6149_FH709_Sash_Position_TL Archive,FH709_Sash,6149,sash,FH709
36,TL316,277_Rm6147_FH317_Exhaust_Flow_TL Archive,FH317_Exhaust_Flow,6147,flow,FH317
37,TL317,277_Rm6147_FH317_Sash_Position_TL Archive,FH317_Sash,6147,sash,FH317
38,TL318,277_Rm6147_FH317_User_Status_TL Archive,FH317_User_Status,6147,status,FH317
39,TL319,278_Rm6148_FH328_Exhaust_Flow_TL Archive,FH328_Exhaust_Flow,6148,flow,FH328
40,TL320,278_Rm6148_FH328_Sash_Position_TL Archive,FH328_Sash,6148,sash,FH328
41,TL322,278_Rm6148_FH327_Exhaust_Flow_TL Archive,FH327_Exhaust_Flow,6148,flow,FH327
42,TL321,278_Rm6148_FH327_Sash_Position_TL Archive,FH327_Sash,6148,sash,FH327
43,TL323,278_Rm6148_FH328_User_Status_TL Archive,FH328_User_Status,6148,status,FH328
44,TL371,278_Rm6148_FH327_User_Status_TL Archive,FH327_User_Status,6148,status,FH327
45,TL372,280_Rm6150_FH323_Exhaust_Flow_TL Archive,FH323_Exhaust_Flow,6150,flow,FH323
46,TL559,280_Rm6150_FH323_Sash_Position_TL Archive,FH323_Sash,6150,sash,FH323
47,TL560,280_Rm6150_FH323_User_Status_TL Archive,FH323_User_Status,6150,status,FH323
48,TL561,326_Rm7163_FH311_Exhaust_Flow_TL Archive,FH311_Exhaust_Flow,7163,flow,FH311
49,TL562,326_Rm7163_FH311_Sash_Position_TL Archive,FH311_Sash,7163,sash,FH311
50,TL563,326_Rm7163_FH310_Exhaust_Flow_TL Archive,FH310_Exhaust_Flow,7163,flow,FH310
51,TL564,326_Rm7163_FH310_Sash_Position_TL Archive,FH310_Sash,7163,sash,FH310
52,TL565,326_Rm7163_FH311_User_Status_TL Archive,FH311_User_Status,7163,status,FH311
53,TL566,326_Rm7163_FH310_User_Status_TL Archive,FH310_User_Status,7163,status,FH310
54,TL567,327_Rm7162_FH304_Exhaust_Flow_TL Archive,FH304_Exhaust_Flow,7162,flow,FH304
55,TL568,327_Rm7162_FH304_Sash_Position_TL Archive,FH304_Sash,7162,sash,FH304
56,TL569,327_Rm7162_FH305_Exhaust_Flow_TL Archive,FH305_Exhaust_Flow,7162,flow,FH305
57,TL570,327_Rm7162_FH305_Sash_Position_TL Archive,FH305_Sash,7162,sash,FH305
58,TL571,327_Rm7162_FH304_User_Status_TL Archive,FH304_User_Status,7162,status,FH304
59,TL572,327_Rm7162_FH305_User_Status_TL Archive,FH305_User_Status,7162,status,FH305
60,TL573,328_Rm7161A_FH308_Exhaust_Flow_TL Archive,FH308_Exhaust_Flow,7161A,flow,FH308
61,TL574,328_Rm7161A_FH308_Sash_Position_TL Archive,FH308_Sash,7161A,sash,FH308
62,TL575,328_Rm7161A_FH309_Exhaust_Flow_TL Archive,FH309_Exhaust_Flow,7161A,flow,FH309
63,TL576,328_Rm7161A_FH309_Sash_Position_TL Archive,FH309_Sash,7161A,sash,FH309
64,TL577,328_Rm7161C_FH307_Exhaust_Flow_TL Archive,FH307_Exhaust_Flow,7161C,flow,FH307
65,TL578,328_Rm7161C_FH307_Sash_Position_TL Archive,FH307_Sash,7161C,sash,FH307
66,TL579,328_Rm7161C_FH306_Exhaust_Flow_TL Archive,FH306_Exhaust_Flow,7161C,flow,FH306
67,TL580,328_Rm7161C_FH306_Sash_Position_TL Archive,FH306_Sash,7161C,sash,FH306
68,TL581,328_Rm7161A_FH308_User_Status_TL Archive,FH308_User_Status,7161A,status,FH308
69,TL582,328_Rm7161A_FH309_User_Status_TL Archive,FH309_User_Status,7161A,status,FH309
70,TL583,328_Rm7161C_FH307_User_Status_TL Archive,FH307_User_Status,7161C,status,FH307
71,TL584,328_Rm7161C_FH306_User_Status_TL Archive,FH306_User_Status,7161C,status,FH306
72,TL585,375_Rm7165_FH313_Exhaust_Flow_TL Archive,FH313_Exhaust_Flow,7165,flow,FH313
73,TL586,375_Rm7165_FH313_Sash_Position_TL Archive,FH313_Sash,7165,sash,FH313
74,TL587,375_Rm7165_FH313_User_Status_TL Archive,FH313_User_Status,7165,status,FH313
75,TL588,376_Rm7164_FH303_Exhaust_Flow_TL Archive,FH303_Exhaust_Flow,7164,flow,FH303
76,TL589,376_Rm7164_FH303_Sash_Position_TL Archive,FH303_Sash,7164,sash,FH303
77,TL590,376_Rm7164_FH303_User_Status_TL Archive,FH303_User_Status,7164,status,FH303
78,TL591,378_Rm7167_FH314_Exhaust_Flow_TL Archive,FH314_Exhaust_Flow,7167,flow,FH314
79,TL592,378_Rm7167_FH314_Sash_Position_TL Archive,FH314_Sash,7167,sash,FH314
80,TL593,378_Rm7167_FH314_User_Status_TL Archive,FH314_User_Status,7167,status,FH314
81,TL594,381_Rm7166_FH276_Exhaust_Flow_l/s_TL Archive,FH276_Exhaust_Flow,7166,flow,FH276
82,TL595,381_Rm7166_FH275_Exhaust_Flow_l/s_TL Archive,FH275_Exhaust_Flow,7166,flow,FH275
83,TL596,381_Rm7166_FH276_Sash_Position_TL Archive,FH276_Sash,7166,sash,FH276
84,TL597,381_Rm7166_FH275_Sash_Position_TL Archive,FH275_Sash,7166,sash,FH275
85,TL598,382_Rm7166_FH434_Exhaust_Flow_TL Archive,FH434_Exhaust_Flow,7166,flow,FH434
86,TL408,382_Rm7166_FH434_Sash_Position_TL Archive,FH434_Sash,7166,sash,FH434
87,TL599,382_Rm7166_FH435_Exhaust_Flow_TL Archive,FH435_Exhaust_Flow,7166,flow,FH435
88,TL600,382_Rm7166_FH435_Sash_Position_TL Archive,FH435_Sash,7166,sash,FH435
89,TL601,381_Rm7166_FH436_Exhaust_Flow_TL Archive,FH436_Exhaust_Flow,7166,flow,FH436
90,TL602,382_Rm7166_FH436_Sash_Position_TL Archive,FH436_Sash,7166,sash,FH436
91,TL603,401_Rm4150_FH274_Exhaust_Flow_l/s_TL Archive,FH274_Exhaust_Flow,4150,flow,FH274
92,TL604,401_Rm4150_FH273_Exhaust_Flow_l/s_TL Archive,FH273_Exhaust_Flow,4150,flow,FH273
93,TL605,401_Rm4150_FH274_Sash_Position_TL Archive,FH274_Sash,4150,sash,FH274
94,TL606,401_Rm4150_FH273_Sash_Position_TL Archive,FH273_Sash,4150,sash,FH273
95,TL608,406_Rm4096_FH76_Exhaust_Flow_TL Archive,FH76_Exhaust_Flow,4096,flow,FH76
96,TL609,406_Rm4096_FH76_Exhaust_Flow_l/s_TL Archive,FH76_Exhaust_Flow,4096,flow,FH76
97,TL610,407_Rm4116B_FH282_ExhaustFlow_TL Archive,FH282_ExhaustFlow,4116B,flow,FH282
98,TL611,407_Rm4116B_FH282_SashPosition_TL Archive,FH282_Sash,4116B,sash,FH282
99,TL612,407_Rm4116B_FH282_Exhaust_Flow_l/s_TL Archive,FH282_Exhaust_Flow,4116B,flow,FH282
100,TL613,407_Rm4117_FH280_Exhaust_Flow_l/s_TL Archive,FH280_Exhaust_Flow,4117,flow,FH280
101,TL614,407_Rm4115A_FH278_Exhaust_Flow_l/s_TL Archive,FH278_Exhaust_Flow,4115A,flow,FH278
102,TL615,407_Rm4115_FH277_Exhaust_Flow_l/s_TL Archive,FH277_Exhaust_Flow,4115,flow,FH277
103,TL616,407_Rm4116A_FH279_Exhaust_Flow_l/s_TL Archive,FH279_Exhaust_Flow,4116A,flow,FH279
104,TL617,407_Rm4117_FH280_Sash_Position_TL Archive,FH280_Sash,4117,sash,FH280
105,TL618,407_Rm4115A_FH278_Sash_Position_TL Archive,FH278_Sash,4115A,sash,FH278
106,TL619,407_Rm4115_FH277_Sash_Position_TL Archive,FH277_Sash,4115,sash,FH277
107,TL620,407_Rm4116A_FH279_Sash_Position_TL Archive,FH279_Sash,4116A,sash,FH279
108,TL621,408_Rm4115D_FH281_ExhaustFlow_TL Archive,FH281_ExhaustFlow,4115D,flow,FH281
109,TL623,408_Rm4115D_FH281_SashPosition_TL Archive,FH281_Sash,4115D,sash,FH281
110,TL624,408_Rm4115D_FH281_Exhaust_Flow_l/s_TL Archive,FH281_Exhaust_Flow,4115D,flow,FH281
111,TL625,412_Rm4094_FH520_Sash_Position_TL Archive,FH520_Sash,4094,sash,FH520
112,TL626,412_Rm4094_FH520_Flow_TL Archive,FH520_Flow,4094,flow,FH520
113,TL627,412_Rm4094_FH517_Sash_Position_TL Archive,FH517_Sash,4094,sash,FH517
114,TL628,412_Rm4094_FH517_Exhaust_Flow_TL Archive,FH517_Exhaust_Flow,4094,flow,FH517
115,TL629,412_Rm4094_FH494_Sash_Position_TL Archive,FH494_Sash,4094,sash,FH494
116,TL630,412_Rm4094_FH494_Flow_TL Archive,FH494_Flow,4094,flow,FH494
117,TL631,412_Rm4094_FH488_Sash_Position_TL Archive,FH488_Sash,4094,sash,FH488
118,TL632,412_Rm4094_FH488_Flow_TL Archive,FH488_Flow,4094,flow,FH488
119,TL633,415_Rm4111_FH495_Sash_Position_TL Archive,FH495_Sash,4111,sash,FH495
120,TL634,415_Rm4111_FH495_Exhaust_Flow_TL Archive,FH495_Exhaust_Flow,4111,flow,FH495
121,TL635,416_Rm4114_FH251_Exhaust_Flow_TL Archive,FH251_Exhaust_Flow,4114,flow,FH251
122,TL636,416_Rm4114_FH251_Sash_Position_TL Archive,FH251_Sash,4114,sash,FH251
123,TL637,416_Rm4114_FH251_User_Status_TL Archive,FH251_User_Status,4114,status,FH251
124,TL638,417_Rm4113_FH301_Exhaust_Flow_TL Archive ,FH301_Exhaust_Flow,4113,flow,FH301
125,TL639,417_Rm4113_FH301_Sash_Position_TL Archive,FH301_Sash,4113,sash,FH301
126,TL640,417_Rm4113_FH301_User_Status_TL Archive,FH301_User_Status,4113,status,FH301
127,TL641,419_FH491_Sash_Position_TL Archive,FH491_Sash,4105,sash,FH491
128,TL642,419_FH491_Flow_TL Archive,FH491_Flow,4105,flow,FH491
129,TL643,419_FH527_Sash_Position_TL Archive,FH527_Sash,4110,sash,FH527
130,TL644,419_FH527_Flow_TL Archive,FH527_Flow,4110,flow,FH527
131,TL645,601_Rm6114_FH084_Exhaust_Flow_TL Archive,FH084_Exhaust_Flow,6114,flow,FH084
132,TL646,601_Rm6114_FH084_Sash_Position_TL Archive,FH084_Sash,6114,sash,FH084
133,TL647,601_Rm6114_FH084_User_Status_TL Archive,FH084_User_Status,6114,status,FH084
134,TL648,603_Rm6122_FH018_Exhaust_Flow_TL Archive,FH018_Exhaust_Flow,6122,flow,FH018
135,TL651,603_Rm6122_FH018_Sash_Position_TL Archive,FH018_Sash,6122,sash,FH018
136,TL649,603_Rm6122_FH041_Exhaust_Flow_TL Archive,FH041_Exhaust_Flow,6122,flow,FH041
137,TL650,603_Rm6122_FH041_Sash_Position_TL Archive,FH041_Sash,6122,sash,FH041
138,TL652,603_Rm6122_FH020_Exhaust_Flow_TL Archive,FH020_Exhaust_Flow,6122,flow,FH020
139,TL653,603_Rm6122_FH020_Sash_Position_TL Archive,FH020_Sash,6122,sash,FH020
140,TL654,603_Rm6122_FH021_Exhaust_Flow_TL Archive,FH021_Exhaust_Flow,6122,flow,FH021
141,TL655,603_Rm6122_FH021_Sash_Position_TL Archive,FH021_Sash,6122,sash,FH021
142,TL656,603_Rm6120_FH017_Exhaust_Flow_TL Archive,FH017_Exhaust_Flow,6120,flow,FH017
143,TL657,603_Rm6120_FH017_Sash_Position_TL Archive,FH017_Sash,6120,sash,FH017
144,TL658,603_Rm6122_FH018_User_Status_TL Archive,FH018_User_Status,6122,status,FH018
145,TL659,603_Rm6122_FH041_User_Status_TL Archive,FH041_User_Status,6122,status,FH041
146,TL660,603_Rm6122_FH020_User_Status_TL Archive,FH020_User_Status,6122,status,FH020
147,TL661,603_Rm6122_FH021_User_Status_TL Archive,FH021_User_Status,6122,status,FH021
148,TL662,603_Rm6120_FH017_User_Status_TL Archive,FH017_User_Status,6120,status,FH017
149,TL663,604_Rm6120_FC032_Exhaust_Flow_TL Archive,FC032_Exhaust_Flow,6120,flow,FC032
150,TL664,604_Rm6120_FC032_Sash_Position_TL Archive,FC032_Sash,6120,sash,FC032
151,TL665,604_Rm6120_FC032_User_Status_TL Archive,FC032_User_Status,6120,status,FC032
152,TL666,606_Rm6141_FH191_Exhaust_Flow_TL Archive,FH191_Exhaust_Flow,6141,flow,FH191
153,TL667,606_Rm6141_FH191_Sash_Position_TL Archive,FH191_Sash,6141,sash,FH191
154,TL668,606_Rm6141_FH191_User_Status_TL Archive,FH191_User_Status,6141,status,FH191
155,TL669,608_Rm6127_FH209_Exhaust_Flow_TL Archive,FH209_Exhaust_Flow,6127,flow,FH209
156,TL670,608_Rm6127_FH209_Sash_Position_TL Archive,FH209_Sash,6127,sash,FH209
157,TL671,608_Rm6127_FH209_User_Status_TL Archive,FH209_User_Status,6127,status,FH209
158,TL672,624_Rm6125_FH22_Exhaust_Flow_TL Archive,FH22_Exhaust_Flow,6125,flow,FH22
159,TL327,624_Rm6125_FH22_Sash_Position_TL Archive,FH22_Sash,6125,sash,FH22
160,TL326,624_Rm6125_FH22_User_Status_TL Archive,FH22_User_Status,6125,status,FH22
161,TL673,625_Rm6124_FH24_Exhaust_Flow_TL Archive,FH24_Exhaust_Flow,6124,flow,FH24
162,TL674,625_Rm6124_FH24_Sash_Position_TL Archive,FH24_Sash,6124,sash,FH24
163,TL675,625_Rm6124_FH26_Exhaust_Flow_TL Archive,FH26_Exhaust_Flow,6124,flow,FH26
164,TL676,625_Rm6124_FH26_Sash_Position_TL Archive,FH26_Sash,6124,sash,FH26
165,TL677,625_Rm6124_FH24_User_Status_TL Archive,FH24_User_Status,6124,status,FH24
166,TL678,626_Rm6124_FH41_Sash_Position_TL Archive,FH41_Sash,6124,sash,FH41
167,TL680,627_Rm6124_FH40_SV_Exhaust_Flow_TL Archive,FH40_Exhaust_Flow,6124,flow,FH40
168,TL681,627_Rm6124_FH40_SV_Exhaust_Flow_l/s_TL Archive,FH40_Exhaust_Flow,6124,flow,FH40
169,TL682,628_Rm6102_FC18_Exhaust_Flow_TL Archive,FC18_Exhaust_Flow,6102,flow,FC18
170,TL683,628_Rm6102_FC18_Sash_Position_TL Archive,FC18_Sash,6102,sash,FC18
171,TL684,628_Rm6103_FC17_Exhaust_Flow_TL Archive,FC17_Exhaust_Flow,6103,flow,FC17
172,TL685,628_Rm6103_FC17_Sash_Position_TL Archive,FC17_Sash,6103,sash,FC17
173,TL686,628_Rm6104_FH230_Exhaust_Flow_TL Archive,FH230_Exhaust_Flow,6104,flow,FH230
174,TL687,628_Rm6104_FH230_Sash_Position_TL Archive,FH230_Sash,6104,sash,FH230
175,TL688,628_Rm6102_FC18_User_Status_TL Archive,FC18_User_Status,6102,status,FC18
176,TL689,628_Rm6103_FC17_User_Status_TL Archive,FC17_User_Status,6103,status,FC17
177,TL690,628_Rm6104_FH230_User_Status_TL Archive ,FH230_User_Status,6104,status,FH230
178,TL691,629_Rm6105_FC20_Exhaust_Flow_TL Archive,FC20_Exhaust_Flow,6105,flow,FC20
179,TL692,629_Rm6105_FC20_Sash_Position_TL Archive,FC20_Sash,6105,sash,FC20
180,TL693,629_Rm6109_FC27_Exhaust_Flow_TL Archive,FC27_Exhaust_Flow,6109,flow,FC27
181,TL694,629_Rm6109_FC27_Sash_Position_TL Archive,FC27_Sash,6109,sash,FC27
182,TL695,629_Rm6111_FC19_Exhaust_Flow_TL Archive,FC19_Exhaust_Flow,6111,flow,FC19
183,TL696,629_Rm6111_FC19_Sash_Position_TL Archive,FC19_Sash,6111,sash,FC19
184,TL697,629_Rm6105_FC20_User_Status_TL Archive,FC20_User_Status,6105,status,FC20
185,TL698,629_Rm6109_FC27_User_Status_TL Archive,FC27_User_Status,6109,status,FC27
186,TL699,629_Rm6111_FC19_User_Status_TL Archive,FC19_User_Status,6111,status,FC19
187,TL700,630_Rm6113_FH051_Exhaust_Flow_TL Archive,FH051_Exhaust_Flow,6113,flow,FH051
188,TL701,630_Rm6113_FH051_Sash_Position_TL Archive,FH051_Sash,6113,sash,FH051
189,TL702,630_Rm6114_FH025_Exhaust_Flow_TL Archive ,FH025_Exhaust_Flow,6114,flow,FH025
190,TL703,630_Rm6114_FH025_Sash_Position_TL Archive,FH025_Sash,6114,sash,FH025
191,TL704,630_Rm6113_FH051_User_Status_TL Archive,FH051_User_Status,6113,status,FH051
192,TL705,630_Rm6114_FH025_User_Status_TL Archive,FH025_User_Status,6114,status,FH025
193,TL706,631_Rm6138_FH28_Exhaust_Flow_TL Archive,FH28_Exhaust_Flow,6138,flow,FH28
194,TL707,631_Rm6138_FH28_Sash_Position_TL Archive,FH28_Sash,6138,sash,FH28
195,TL708,631_Rm6138_FH28_User_Status_TL Archive,FH28_User_Status,6138,status,FH28
196,TL709,632_Rm6115_FH269_Exhaust_Flow_l/s_TL Archive,FH269_Exhaust_Flow,6115,flow,FH269
197,TL710,632_Rm6115_FH270_Exhaust_Flow_l/s_TL Archive,FH270_Exhaust_Flow,6115,flow,FH270
198,TL711,632_Rm6115_FH269_Sash_Position_TL Archive,FH269_Sash,6115,sash,FH269
199,TL712,632_Rm6115_FH270_Sash_Position_TL Archive,FH270_Sash,6115,sash,FH270
200,TL713,635_Rm6118_FH59_Exhaust_Flow_TL Archive,FH59_Exhaust_Flow,6118,flow,FH59
201,TL714,635_Rm6118_FH59_Sash_Position_TL Archive,FH59_Sash,6118,sash,FH59
202,TL715,635_Rm6119_FH78_Exhaust_Flow_TL Archive,FH78_Exhaust_Flow,6119,flow,FH78
203,TL716,635_Rm6119_FH78_Sash_Position_TL Archive,FH78_Sash,6119,sash,FH78
204,TL717,635_Rm6117_FH285_Exhaust_flow_l/s_TL Archive,FH285_Exhaust_flow,6117,other,FH285
205,TL718,635_Rm6117_FH285_Sash_Position_TL Archive,FH285_Sash,6117,sash,FH285
206,TL719,635_Rm6118_FH59_User_Status_TL Archive,FH59_User_Status,6118,status,FH59
207,TL720,635_Rm6119_FH78_User_Status_TL Archive,FH78_User_Status,6119,status,FH78
208,TL721,636_Rm6121_FH61_Exhaust_Flow_TL Archive,FH61_Exhaust_Flow,6121,flow,FH61
209,TL739,636_Rm6121_FH61_Sash_Position_TL Archive,FH61_Sash,6121,sash,FH61
210,TL740,636_Rm6117_FH729_Exhaust_Flow_l/s_TL Archive,FH729_Exhaust_Flow,6117,flow,FH729
211,TL741,636_Rm6117_FH729_Sash_Position_TL Archive,FH729_Sash,6117,sash,FH729
212,TL742,636_Rm6121_FH61_User_Status_TL Archive,FH61_User_Status,6121,status,FH61
213,TL743,637_Rm6124B_FH288_Sash_Position_TL Archive,FH288_Sash,6124B,sash,FH288
214,TL744,637_Rm6124B_FH288_Flow_Status_TL Archive,FH288_Flow,6124B,flow,FH288
215,TL745,637_Rm6124B_FH289_Sash_Position_TL Archive,FH289_Sash,6124B,sash,FH289
216,TL746,637_Rm6124B_FH289_Flow_Status_TL Archive,FH289_Flow,6124B,flow,FH289
217,TL747,638_Rm6125_FH700_Exhaust_Flow_l/s_TL Archive,FH700_Exhaust_Flow,6125,flow,FH700
218,TL748,638_Rm6125_FH701_Exhaust_Flow_l/s_TL Archive,FH701_Exhaust_Flow,6125,flow,FH701
219,TL749,638_Rm6125_FH702_Exhaust_Flow_l/s_TL Archive,FH702_Exhaust_Flow,6125,flow,FH702
220,TL750, 638_Rm6125_FH703_Exhaust_Flow_l/s_TL Archive,FH703_Exhaust_Flow,6125,flow,FH703
221,TL751,638_Rm6125_FH700_Sash_Position_TL Archive,FH700_Sash,6125,sash,FH700
222,TL752,638_Rm6125_FH701_Sash_Position_TL Archive,FH701_Sash,6125,sash,FH701
223,TL753,638_Rm6125_FH702_Sash_Position_TL Archive,FH702_Sash,6125,sash,FH702
224,TL754,638_Rm6125_FH703_Sash_Position_TL Archive,FH703_Sash,6125,sash,FH703
225,TL755,1001_Rm2151_FH178_Exhaust_Flow_TL Archive,FH178_Exhaust_Flow,2151,flow,FH178
226,TL756,1001_Rm2151_FH178_Sash_Position_TL Archive,FH178_Sash,2151,sash,FH178
227,TL757,1001_Rm2151_FH178_User_Status_TL Archive,FH178_User_Status,2151,status,FH178
228,TL758,1101_Rm7152_FH192_Exhaust_Flow_TL Archive,FH192_Exhaust_Flow,7152,flow,FH192
229,TL759,1101_Rm7152_FH192_Sash_Position_TL Archive,FH192_Sash,7152,sash,FH192
230,TL760,1101_Rm7152_FH192_User_Status_TL Archive,FH192_User_Status,7152,status,FH192
231,TL761,1102_Rm7153_FH719_Exhaust_Flow_l/s_TL Archive,FH719_Exhaust_Flow,7153,flow,FH719
232,TL762,1102_Rm7153_FH720_Exhaust_Flow_l/s_TL Archive,FH720_Exhaust_Flow,7153,flow,FH720
233,TL763,1102_Rm7153_FH721_Exhaust_Flow_l/s_TL Archive,FH721_Exhaust_Flow,7153,flow,FH721
234,TL764,1102_Rm7153_FH719_Sash_Position_TL Archive,FH719_Sash,7153,sash,FH719
235,TL765, 1102_Rm7153_FH720_Sash_Position_TL Archive,FH720_Sash,7153,sash,FH720
236,TL766,1102_Rm7153_FH721_Sash_Position_TL Archive,FH721_Sash,7153,sash,FH721
237,TL767,1106_Rm7139_FH053_Exhaust_Flow_TL Archive,FH053_Exhaust_Flow,7139,flow,FH053
238,TL768,1106_Rm7139_FH053_Sash_Position_TL Archive,FH053_Sash,7139,sash,FH053
239,TL769,1106_Rm7139_FH062_Exhaust_Flow_TL Archive,FH062_Exhaust_Flow,7139,flow,FH062
240,TL770,1106_Rm7139_FH062_Sash_Position_TL Archive,FH062_Sash,7139,sash,FH062
241,TL771,1106_Rm7139_FH054_Sash_Position_TL Archive,FH054_Sash,7139,sash,FH054
242,TL772,1106_Rm7139_FH054_Exhaust_Flow_TL Archive,FH054_Exhaust_Flow,7139,flow,FH054
243,TL773,1106_Rm7139_FH053_User_Status_TL Archive,FH053_User_Status,7139,status,FH053
244,TL774,1106_Rm7139_FH062_User_Status_TL Archive,FH062_User_Status,7139,status,FH062
245,TL775,1106_Rm7139_FH054_User_Status_TL Archive,FH054_User_Status,7139,status,FH054
246,TL776,1108_Rm7137_FH195_Exhaust_Flow_TL Archive,FH195_Exhaust_Flow,7137,flow,FH195
247,TL777,1108_Rm7137_FH195_Sash_Position_TL Archive,FH195_Sash,7137,sash,FH195
248,TL778,1108_Rm7137_FH195_User_Status_TL Archive,FH195_User_Status,7137,status,FH195
249,TL779,1109_Rm7136_FH049_Exhaust_Flow_TL Archive,FH049_Exhaust_Flow,7136,flow,FH049
250,TL780,1109_Rm7136_FH049_Sash_Position_TL Archive,FH049_Sash,7136,sash,FH049
251,TL781,1109_Rm7136_FH049_User_Status_TL Archive,FH049_User_Status,7136,status,FH049
252,TL782,1110_Rm7134_FH048_Exhaust_Flow_TL Archive,FH048_Exhaust_Flow,7134,flow,FH048
253,TL783,1110_Rm7134_FH048_Sash_Position_TL Archive,FH048_Sash,7134,sash,FH048
254,TL784,1110_Rm7134_FH048_User_Status_TL Archive,FH048_User_Status,7134,status,FH048
255,TL785,1111_Rm7130_FH044_Exhaust_Flow_TL Archive,FH044_Exhaust_Flow,7130,flow,FH044
256,TL786,1111_Rm7130_FH044_Sash_Position_TL Archive,FH044_Sash,7130,sash,FH044
257,TL787,1111_Rm7130_FH079_Exhaust_Flow_TL Archive,FH079_Exhaust_Flow,7130,flow,FH079
258,TL788,1111_Rm7130_FH079_Sash_Position_TL Archive,FH079_Sash,7130,sash,FH079
259,TL789,1111_Rm7130_FH044_User_Status_TL Archive,FH044_User_Status,7130,status,FH044
260,TL790,1111_Rm7130_FH079_User_Status_TL Archive,FH079_User_Status,7130,status,FH079
261,TL792,1112_Rm7133_FC048_Exhaust_Flow_TL Archive,FC048_Exhaust_Flow,7133,flow,FC048
262,TL793,1112_Rm7133_FC048_Sash_Position_TL Archive,FC048_Sash,7133,sash,FC048
263,TL794,1112_Rm7133_FH033_Exhaust_Flow_TL Archive,FH033_Exhaust_Flow,7133,flow,FH033
264,TL802,1112_Rm7133_FH033_Sash_Position_TL Archive,FH033_Sash,7133,sash,FH033
265,TL803,1112_Rm7133_FH045_Exhaust_Flow_TL Archive,FH045_Exhaust_Flow,7133,flow,FH045
266,TL804,1112_Rm7133_FH045_Sash_Position_TL Archive,FH045_Sash,7133,sash,FH045
267,TL805,1112_Rm7133_FC048_User_Status_TL Archive,FC048_User_Status,7133,status,FC048
268,TL806,1112_Rm7133_FH033_User_Status_TL Archive,FH033_User_Status,7133,status,FH033
269,TL807,1112_Rm7133_FH045_User_Status_TL Archive,FH045_User_Status,7133,status,FH045
270,TL808,1117_Rm7122_FH100_Exhaust_Flow_TL Archive,FH100_Exhaust_Flow,7122,flow,FH100
271,TL809,1117_Rm7122_FH100_Sash_Position_TL Archive,FH100_Sash,7122,sash,FH100
272,TL810,1117_Rm7122_FH100_User_Status_TL Archive,FH100_User_Status,7122,status,FH100
273,TL811,1118_Rm7122_FH264_Exhaust_Flow_TL Archive,FH264_Exhaust_Flow,7122,flow,FH264
274,TL812,1118_Rm7122_FH264_Sash_Position_TL Archive,FH264_Sash,7122,sash,FH264
275,TL813,1118_Rm7121_FH042_Exhaust_Flow_TL Archive ,FH042_Exhaust_Flow,7121,flow,FH042
276,TL814,1118_Rm7121_FH042_Sash_Position_TL Archive,FH042_Sash,7121,sash,FH042
277,TL815,1118_Rm7122_FH264_User_Status_TL Archive,FH264_User_Status,7122,status,FH264
278,TL816,1118_Rm7121_FH042_User_Status_TL Archive,FH042_User_Status,7121,status,FH042
279,TL817,1121_Rm7111_FH031_Exhaust_Flow_TL Archive,FH031_Exhaust_Flow,7111,flow,FH031
280,TL818,1121_Rm7111_FH031_Sash_Position_TL Archive,FH031_Sash,7111,sash,FH031
281,TL819,1121_Rm7111_FH032_Exhaust_Flow_TL Archive,FH032_Exhaust_Flow,7111,flow,FH032
282,TL820,1121_Rm7111_FH032_Sash_Position_TL Archive,FH032_Sash,7111,sash,FH032
283,TL821,1121_Rm7112_FH091_Exhaust_Flow_TL Archive,FH091_Exhaust_Flow,7112,flow,FH091
284,TL822,1121_Rm7112_FH091_Sash_Position_TL Archive,FH091_Sash,7112,sash,FH091
285,TL823,1121_Rm7112_FH085_Exhaust_Flow_TL Archive,FH085_Exhaust_Flow,7112,flow,FH085
286,TL824,1121_Rm7112_FH085_Sash_Position_TL Archive,FH085_Sash,7112,sash,FH085
287,TL825,1121_Rm7111_FH031_User_Status_TL Archive,FH031_User_Status,7111,status,FH031
288,TL826,1121_Rm7111_FH032_User_Status_TL Archive,FH032_User_Status,7111,status,FH032
289,TL828,1121_Rm7112_FH091_User_Status_TL Archive,FH091_User_Status,7112,status,FH091
290,TL830,1121_Rm7112_FH085_User_Status_TL Archive,FH085_User_Status,7112,status,FH085
291,TL827,1122_Rm7250_FH232_Exhaust_Flow_TL Archive,FH232_Exhaust_Flow,7250,flow,FH232
292,TL829,1122_Rm7250_FH232_Sash_Position_TL Archive,FH232_Sash,7250,sash,FH232
293,TL831,1122_Rm7250_FH233_Exhaust_Flow_TL Archive,FH233_Exhaust_Flow,7250,flow,FH233
294,TL832,1122_Rm7250_FH233_Sash_Position_TL Archive,FH233_Sash,7250,sash,FH233
295,TL833,1122_Rm7250_FH232_User_Status_TL Archive,FH232_User_Status,7250,status,FH232
296,TL834,1122_Rm7250_FH233_User_Status_TL Archive,FH233_User_Status,7250,status,FH233
297,TL835,1123_Rm7253_FH237_Exhaust_Flow_TL Archive,FH237_Exhaust_Flow,7253,flow,FH237
298,TL857,1123_Rm7253_FH237_Sash_Position_TL Archive,FH237_Sash,7253,sash,FH237
299,TL858,1123_Rm7252_FH234_Exhaust_Flow_TL Archive,FH234_Exhaust_Flow,7252,flow,FH234
300,TL859,1123_Rm7252_FH234_Sash_Position_TL Archive,FH234_Sash,7252,sash,FH234
301,TL860,1123_Rm7253_FH235_Exhaust_Flow_TL Archive,FH235_Exhaust_Flow,7253,flow,FH235
302,TL861,1123_Rm7253_FH235_Sash_Position_TL Archive,FH235_Sash,7253,sash,FH235
303,TL862,1123_Rm7253_FH236_Exhaust_Flow_TL Archive,FH236_Exhaust_Flow,7253,flow,FH236
304,TL863,1123_Rm7253_FH236_Sash_Position_TL Archive,FH236_Sash,7253,sash,FH236
305,TL864,1123_Rm7253_FH237_User_Status_TL Archive,FH237_User_Status,7253,status,FH237
306,TL865,1123_Rm7252_FH234_User_Status_TL Archive,FH234_User_Status,7252,status,FH234
307,TL866,1123_Rm7253_FH235_User_Status_TL Archive,FH235_User_Status,7253,status,FH235
308,TL867,1123_Rm7253_FH236_User_Status_TL Archive,FH236_User_Status,7253,status,FH236
309,TL868,1127_Rm7107_FH302_Exhaust_Flow_TL Archive,FH302_Exhaust_Flow,7107,flow,FH302
310,TL869,1127_Rm7107_FH302_Sash_Position_TL Archive,FH302_Sash,7107,sash,FH302
311,TL870,1127_Rm7107_FH302_User_Status_TL Archive,FH302_User_Status,7107,status,FH302
312,TL928,1130_Rm7135_FH255_Exhaust_Flow_TL Archive,FH255_Exhaust_Flow,7135,flow,FH255
313,TL936,1130_Rm7135_FH255_Sash_Position_TL Archive,FH255_Sash,7135,sash,FH255
314,TL937,1130_Rm7135_FH255_User_Status_TL Archive,FH255_User_Status,7135,status,FH255
315,TL938,1141_Rm7107_FH256_WV_Sash_Position_TL Archive,FH256_WV_Sash,7107,sash,FH256
316,TL939,1141_Rm7107_FH256_WV_Exhasut_Flow_TL Archive,FH256_WV_Exhasut_Flow,7107,flow,FH256
317,TL940,1141_Rm7107_FH326_Exhaust_Flow_TL Archive,FH326_Exhaust_Flow,7107,flow,FH326
318,TL941,1141_Rm7107_FH326_Sash_Position_TL Archive,FH326_Sash,7107,sash,FH326
319,TL942,1141_Rm7109_FH259_ExhaustFlow_l/s_TL Archive,FH259_ExhaustFlow,7109,flow,FH259
320,TL943,1141_Rm7109_FH260_ExhaustFlow_l/s_TL Archive,FH260_ExhaustFlow,7109,flow,FH260
321,TL944,1141_Rm7108_FH257_ExhaustFlow_l/s_TL Archive ,FH257_ExhaustFlow,7108,flow,FH257
322,TL945,1141_Rm7108_FH258_ExhaustFlow_l/s_TL Archive,FH258_ExhaustFlow,7108,flow,FH258
323,TL946,1141_Rm7110_FH261_ExhaustFlow_l/s_TL Archive,FH261_ExhaustFlow,7110,flow,FH261
324,TL947,1141_Rm7118_FH262_ExhaustFlow_l/s_TL Archive,FH262_ExhaustFlow,7118,flow,FH262
325,TL948,1141_Rm7109_FH259_Sash_TL Archive,FH259_Sash,7109,sash,FH259
326,TL949,1141_Rm7109_FH260_Sash_TL Archive,FH260_Sash,7109,sash,FH260
327,TL950,1141_Rm7108_FH257_Sash_TL Archive,FH257_Sash,7108,sash,FH257
328,TL951,1141_Rm7108_FH258_Sash_TL Archive,FH258_Sash,7108,sash,FH258
329,TL952,1141_Rm7110_FH261_Sash_TL Archive,FH261_Sash,7110,sash,FH261
330,TL953,1141_Rm7118_FH262_Sash_TL Archive,FH262_Sash,7118,sash,FH262
331,TL954,1141_Rm7107_FH326_User_Status_TL Archive,FH326_User_Status,7107,status,FH326
332,TL955,1142_Rm7104_FC38_Exhaust_Flow_TL Archive,FC38_Exhaust_Flow,7104,flow,FC38
333,TL956,1142_Rm7104_FC38_Sash_Position_TL Archive,FC38_Sash,7104,sash,FC38
334,TL957,1142_Rm7106_FH506_Exhaust_Flow_TL Archive,FH506_Exhaust_Flow,7106,flow,FH506
335,TL958,1142_Rm7106_FH506_Sash_Position_TL Archive,FH506_Sash,7106,sash,FH506
336,TL959,1142_Rm7104_FC38_User_Status_TL Archive,FC38_User_Status,7104,status,FC38
337,TL960,1142_Rm7106_FH506_User_Status_TL Archive,FH506_User_Status,7106,status,FH506
338,TL961,1146_Rm7103_FH247_Exhaust_Flow_TL Archive,FH247_Exhaust_Flow,7103,flow,FH247
339,TL962,1146_Rm7103_FH247_Sash_Position_TL Archive,FH247_Sash,7103,sash,FH247
340,TL963,1146_Rm7101_FC28_Exhaust_Flow_TL Archive,FC28_Exhaust_Flow,7101,flow,FC28
341,TL964,1146_Rm7101_FC28_Sash_Position_TL Archive,FC28_Sash,7101,sash,FC28
342,TL965,1146_Rm7103_FH248_Exhaust_Flow_TL Archive,FH248_Exhaust_Flow,7103,flow,FH248
343,TL966,1146_Rm7103_FH248_Sash_Position_TL Archive,FH248_Sash,7103,sash,FH248
344,TL967,1146_Rm7101_FC28_User_Status_TL Archive,FC28_User_Status,7101,status,FC28
345,TL968,1146_Rm7103_FH247_User_Status_TL Archive,FH247_User_Status,7103,status,FH247
346,TL969,1146_Rm7103_FH248_User_Status_TL Archive ,FH248_User_Status,7103,status,FH248
347,TL970,1147_Rm7102_FH177_Exhaust_Flow_TL Archive,FH177_Exhaust_Flow,7102,flow,FH177
348,TL971,1147_Rm7102_FH177_Sash_Position_TL Archive,FH177_Sash,7102,sash,FH177
349,TL972,1147_Rm7102_FH177_User_Status_BV_TL Archive ,FH177_User_Status,7102,status,FH177
350,TL975,1148_Rm7132_FH272_Exhaust_Flow_l/s_TL Archive,FH272_Exhaust_Flow,7132,flow,FH272
351,TL976,1148_Rm7132_FH46_Exhaust_Flow_l/s_TL Archive,FH46_Exhaust_Flow,7132,flow,FH46
352,TL973,1148_Rm7132_FH272_Sash_Position_TL Archive,FH272_Sash,7132,sash,FH272
353,TL974,1148_Rm7132_FH46_Sash_Position_TL Archive ,FH46_Sash,7132,sash,FH46
354,TL979,1149_Rm7132_FH723_Exhaust_Flow_l/s_TL Archive,FH723_Exhaust_Flow,7132,flow,FH723
355,TL980,1149_Rm7132_FH722_Exhaust_Flow_l/s_TL Archive,FH722_Exhaust_Flow,7132,flow,FH722
356,TL978,1149_Rm7132_FH723_Sash_Position_TL Archive,FH723_Sash,7132,sash,FH723
357,TL977,1149_Rm7132_FH722_Sash_Position_TL Archive,FH722_Sash,7132,sash,FH722
358,TL981,1201_Rm4118_FH05_Exhaust_Flow_TL Archive,FH05_Exhaust_Flow,4118,flow,FH05
359,TL982,1201_Rm4118_FH05_Sash_Position_TL Archive,FH05_Sash,4118,sash,FH05
360,TL983,1201_Rm4119B_FH181_Exhaust_Flow_TL Archive,FH181_Exhaust_Flow,4119B,flow,FH181
361,TL984,1201_Rm4119B_FH181_Sash_Position_TL Archive,FH181_Sash,4119B,sash,FH181
362,TL985,1201_Rm4121B_FH06_Exhaust_Flow_TL Archive,FH06_Exhaust_Flow,4121B,flow,FH06
363,TL986,1201_Rm4121B_FH06_Sash_Position_TL Archive,FH06_Sash,4121B,sash,FH06
364,TL987,1201_Rm4118_FH05_User_Status_TL Archive,FH05_User_Status,4118,status,FH05
365,TL988,1201_Rm4119B_FH181_User_Status_TL Archive,FH181_User_Status,4119B,status,FH181
366,TL989,1201_Rm4121B_FH06_User_Status_TL Archive,FH06_User_Status,4121B,status,FH06
367,TL990,1202_Rm4123_FH07_Exhaust_Flow_TL Archive,FH07_Exhaust_Flow,4123,flow,FH07
368,TL991,1202_Rm4123_FH07_Sash_Position_TL Archive,FH07_Sash,4123,sash,FH07
369,TL992,1202_Rm4126_FH08_Exhaust_Flow_TL Archive,FH08_Exhaust_Flow,4126,flow,FH08
370,TL993,1202_Rm4126_FH08_Sash_Position_TL Archive,FH08_Sash,4126,sash,FH08
371,TL994,1202_Rm4131_FH224_Exhaust_Flow_TL Archive,FH224_Exhaust_Flow,4131,flow,FH224
372,TL995,1202_Rm4131_FH224_Sash_Position_TL Archive,FH224_Sash,4131,sash,FH224
373,TL996,1202_Rm4123_FH07_User_Status_TL Archive,FH07_User_Status,4123,status,FH07
374,TL997,1202_Rm4126_FH08_User_Status_TL Archive,FH08_User_Status,4126,status,FH08
375,TL998,1202_Rm4131_FH224_User_Status_TL Archive,FH224_User_Status,4131,status,FH224
376,TL999,1204_Rm4139_FH10_Exhaust_Flow_TL Archive,FH10_Exhaust_Flow,4139,flow,FH10
377,TL1000,1204_Rm4139_FH10_Sash_Position_TL Archive,FH10_Sash,4139,sash,FH10
378,TL1001,1204_Rm4141_FH11_Exhaust_Flow_TL Archive,FH11_Exhaust_Flow,4141,flow,FH11
379,TL1002,1204_Rm4141_FH11_Sash_Position_TL Archive,FH11_Sash,4141,sash,FH11
380,TL1003,1204_Rm4139_FH10_User_Status_TL Archive,FH10_User_Status,4139,status,FH10
381,TL1004,1204_Rm4141_FH11_User_Status_TL Archive,FH11_User_Status,4141,status,FH11
382,TL1005,1205_Rm4145_FH231_Exhaust_Flow_TL Archive,FH231_Exhaust_Flow,4145,flow,FH231
383,TL1006,1205_Rm4145_FH231_Sash_Position_TL Archive,FH231_Sash,4145,sash,FH231
384,TL1007,1205_Rm4145_FH206_Exhaust_Flow_TL Archive,FH206_Exhaust_Flow,4145,flow,FH206
385,TL1008,1205_Rm4145_FH231_User_Status_BV_TL Archive,FH231_User_Status,4145,status,FH231
386,TL1009,1303_RENGGLI_FH707_Sash_Position_TL Archive,FH707_Sash,3201,sash,FH707
387,TL1010,1303_RENGGLI_FH707_Flow_TL Archive,FH707_Flow,3201,flow,FH707
388,TL1011,1303_Rm3201_FH705_Exhaust_Flow_l/s_TL Archive,FH705_Exhaust_Flow,3201,flow,FH705
389,TL1012,1303_Rm3201_FH706_Exhaust_Flow_l/s_TL Archive,FH706_Exhaust_Flow,3201,flow,FH706
390,TL1013,1303_Rm3202_FH704_Exhaust_Flow_l/s_TL Archive,FH704_Exhaust_Flow,3202,flow,FH704
391,TL1014,1303_Rm3212_FH271_Exhaust_Flow_l/s_TL Archive,FH271_Exhaust_Flow,3212,flow,FH271
392,TL1015,1303_Rm3201_FH705_Sash_Position_TL Archive,FH705_Sash,3201,sash,FH705
393,TL1016,1303_Rm3201_FH706_Sash_Position_TL Archive,FH706_Sash,3201,sash,FH706
394,TL1017,1303_Rm3202_FH704_Sash_Position_TL Archive,FH704_Sash,3202,sash,FH704
395,TL1018,1303_Rm3212_FH271_Sash_Position_TL Archive,FH271_Sash,3212,sash,FH271
396,TL1019,1400_Rm6201_FH711_Exhaust_Flow_l/s_TL Archive,FH711_Exhaust_Flow,6201,flow,FH711
397,TL1020,1400_Rm6201_FH712_Exhaust_Flow_l/s_TL Archive,FH712_Exhaust_Flow,6201,flow,FH712
398,TL1021,1400_Rm6201_FH713_Exhaust_Flow_l/s_TL Archive,FH713_Exhaust_Flow,6201,flow,FH713
399,TL1022,1400_Rm6201_FH714_Exhaust_Flow_l/s_TL Archive,FH714_Exhaust_Flow,6201,flow,FH714
400,TL1023,1400_Rm6201_FH711_Sash_Position_TL Archive,FH711_Sash,6201,sash,FH711
401,TL1024,1400_Rm6201_FH712_Sash_Position_TL Archive,FH712_Sash,6201,sash,FH712
402,TL1230,1400_Rm6201_FH713_Sash_Position_TL Archive,FH713_Sash,6201,sash,FH713
403,TL1233,1400_Rm6201_FH714_Sash_Position_TL Archive,FH714_Sash,6201,sash,FH714
404,TL1234,1403_Rm6201_FH715_Exhaust_Flow_l/s_TL Archive ,FH715_Exhaust_Flow,6201,flow,FH715
405,TL1235,1403_Rm6201_FH716_Exhaust_Flow_l/s_TL Archive,FH716_Exhaust_Flow,6201,flow,FH716
406,TL1236,1403_Rm6201_FH717_Exhaust_Flow_l/s_TL Archive,FH717_Exhaust_Flow,6201,flow,FH717
407,TL1239,1403_Rm6201_FH718_Exhaust_Flow_l/s_TL Archive,FH718_Exhaust_Flow,6201,flow,FH718
408,TL1240,1403_Rm6201_FH715_Sash_Position_TL Archive,FH715_Sash,6201,sash,FH715
409,TL1241,1403_Rm6201_FH716_Sash_Position_TL Archive,FH716_Sash,6201,sash,FH716
410,TL1242,1403_Rm6201_FH717_Sash_Position_TL Archive,FH717_Sash,6201,sash,FH717
411,TL1245,1403_Rm6201_FH718_Sash_Position_TL Archive,FH718_Sash,6201,sash,FH718
412,TL1248,5101_RmG031B_FH182_Exhaust_Flow_TL Archive,FH182_Exhaust_Flow,G031B,flow,FH182
413,TL1251,5101_RmG031B_FH182_Sash_Position_TL Archive,FH182_Sash,G031B,sash,FH182
414,TL1254,5101_RmG031D_FH315_Exhaust_Flow_TL Archive,FH315_Exhaust_Flow,G031D,flow,FH315
415,TL1257,5101_RmG031D_FH315_Sash_Position_TL Archive,FH315_Sash,G031D,sash,FH315
416,TL1258,5101_RmG031B_FH182_User_Status_TL Archive,FH182_User_Status,G031B,status,FH182
417,TL1259,5101_RmG031D_FH315_User_Status_TL Archive,FH315_User_Status,G031D,status,FH315
418,TL1260,5201_Rm2123_FC41_Exhaust_Flow_TL Archive,FC41_Exhaust_Flow,2123,flow,FC41
419,TL1263,5201_Rm2123_FC41_Sash_Position_TL Archive,FC41_Sash,2123,sash,FC41
420,TL1267,5201_Rm2123_FC41_User_Status_TL Archive,FC41_User_Status,2123,status,FC41
421,TL1268,5302_Rm3107D_FC03_Exhaust_Flow_TL Archive,FC03_Exhaust_Flow,3107D,flow,FC03
422,TL1269,5302_Rm3107D_FC03_Sash_Position_TL Archive,FC03_Sash,3107D,sash,FC03
423,TL1270,5302_Rm3107D_FC03_User_Status_TL Archive,FC03_User_Status,3107D,status,FC03
424,TL1271,5303_Rm3112_FC04_Exhaust_Flow_TL Archive,FC04_Exhaust_Flow,3112,flow,FC04
425,TL1272,5303_Rm3112_FC04_Sash_Position_TL Archive,FC04_Sash,3112,sash,FC04
426,TL1273,5303_Rm3112_FC40_Exhaust_Flow_TL Archive,FC40_Exhaust_Flow,3112,flow,FC40
427,TL1274,5303_Rm3112_FC40_Sash_Position_TL Archive,FC40_Sash,3112,sash,FC40
428,TL1275,5303_Rm3112_FC04_User_Status_TL Archive,FC04_User_Status,3112,status,FC04
429,TL1276,5303_Rm3112_FC40_User_Status_TL Archive,FC40_User_Status,3112,status,FC40
448,TL1279,9305_Rm6007_FH604_Exhaust_Flow_l/s_TL Archive,FH604_Exhaust_Flow,6007,flow,FH604
449,TL1280,9305_Rm6007_FH603_Exhaust_Flow_l/s_TL Archive,FH603_Exhaust_Flow,6007,flow,FH603
450,TL1281,9305_Rm6007_FH602_Exhaust_Flow_l/s_TL Archive,FH602_Exhaust_Flow,6007,flow,FH602
451,TL1282,9305_Rm6007_FH601_Exhaust_Flow_l/s_TL Archive,FH601_Exhaust_Flow,6007,flow,FH601
452,TL1283,9305_Rm6007_FH65_Exhaust_Flow_l/s_TL Archive,FH65_Exhaust_Flow,6007,flow,FH65
453,TL1284,9305_Rm6007_FH72_Exhaust_Flow_l/s_TL Archive,FH72_Exhaust_Flow,6007,flow,FH72
454,TL1285,9305_Rm6007_FH240_Exhaust_Flow_l/s_TL Archive,FH240_Exhaust_Flow,6007,flow,FH240
455,TL1286,9305_Rm6007_FH66_Exhaust_Flow_l/s_TL Archive,FH66_Exhaust_Flow,6007,flow,FH66
456,TL1287,9305_Rm6007_FH604_Sash_Position_TL Archive,FH604_Sash,6007,sash,FH604
457,TL1288,9305_Rm6007_FH603_Sash_Position_TL Archive,FH603_Sash,6007,sash,FH603
458,TL1289,9305_Rm6007_FH602_Sash_Position_TL Archive,FH602_Sash,6007,sash,FH602
459,TL1290,9305_Rm6007_FH601_Sash_Position_TL Archive,FH601_Sash,6007,sash,FH601
460,TL1291,9305_Rm6007_FH65_Sash_Position_TL Archive,FH65_Sash,6007,sash,FH65
461,TL1292,9305_Rm6007_FH72_Sash_Position_TL Archive,FH72_Sash,6007,sash,FH72
462,TL1293,9305_Rm6007_FH240_Sash_Position_TL Archive,FH240_Sash,6007,sash,FH240
463,TL1294,9305_Rm6007_FH66_Sash_Position_TL Archive,FH66_Sash,6007,sash,FH66
464,TL1295,9305_Rm6007_FH604_User_Status_BV_TL Archive,FH604_User_Status,6007,status,FH604
465,TL1296,9305_Rm6007_FH603_User_Status_BV_TL Archive,FH603_User_Status,6007,status,FH603
466,TL1297,9305_Rm6007_FH602_User_Status_BV_TL Archive,FH602_User_Status,6007,status,FH602
467,TL1298,9305_Rm6007_FH601_User_Status_BV_TL Archive,FH601_User_Status,6007,status,FH601
468,TL1299,9305_Rm6007_FH65_User_Status_BV_TL Archive,FH65_User_Status,6007,status,FH65
469,TL1300,9305_Rm6007_FH72_User_Status_BV_TL Archive,FH72_User_Status,6007,status,FH72
470,TL1302,9305_Rm6007_FH240_User_Status_BV_TL Archive,FH240_User_Status,6007,status,FH240
471,TL1303,9305_Rm6007_FH66_User_Status_BV_TL Archive,FH66_User_Status,6007,status,FH66
472,TL1320,9308_Rm6014_FH607_Exhaust_Flow_l/s_TL Archive,FH607_Exhaust_Flow,6014,flow,FH607
473,TL1321,9308_Rm6014_FH606_Exhaust_Flow_l/s_TL Archive,FH606_Exhaust_Flow,6014,flow,FH606
474,TL1322,9308_Rm6014_FH605_Exhaust_Flow_l/s_TL Archive,FH605_Exhaust_Flow,6014,flow,FH605
475,TL1323,9308_Rm6014_FH609_Exhaust_Flow_l/s_TL Archive,FH609_Exhaust_Flow,6014,flow,FH609
476,TL1324,9308_Rm6014_FH610_Exhaust_Flow_l/s_TL Archive,FH610_Exhaust_Flow,6014,flow,FH610
477,TL1325,9308_Rm6014_FH608_Exhaust_Flow_l/s_TL Archive,FH608_Exhaust_Flow,6014,flow,FH608
478,TL1326,9308_Rm6014_FH612_Exhaust_Flow_l/s_TL Archive,FH612_Exhaust_Flow,6014,flow,FH612
479,TL1327,9308_Rm6014_FH611_Exhaust_Flow_l/s_TL Archive,FH611_Exhaust_Flow,6014,flow,FH611
480,TL1328,9308_Rm6014_FH63_Exhaust_Flow_l/s_TL Archive,FH63_Exhaust_Flow,6014,flow,FH63
481,TL1329,9308_Rm6014_FH68_Exhaust_Flow_l/s_TL Archive,FH68_Exhaust_Flow,6014,flow,FH68
482,TL1330,9308_Rm6014_FH70_Exhaust_Flow_l/s_TL Archive,FH70_Exhaust_Flow,6014,flow,FH70
483,TL1331,9308_Rm6014_FH64_Exhaust_Flow_l/s_TL Archive,FH64_Exhaust_Flow,6014,flow,FH64
484,TL1332,9308_Rm6014_FH607_Sash_Position_TL Archive,FH607_Sash,6014,sash,FH607
485,TL1333,9308_Rm6014_FH606_Sash_Position_TL Archive,FH606_Sash,6014,sash,FH606
486,TL1334,9308_Rm6014_FH605_Sash_Position_TL Archive,FH605_Sash,6014,sash,FH605
487,TL1335,9308_Rm6014_FH609_Sash_Position_TL Archive,FH609_Sash,6014,sash,FH609
488,TL1336,9308_Rm6014_FH610_Sash_Position_TL Archive,FH610_Sash,6014,sash,FH610
489,TL1337,9308_Rm6014_FH608_Sash_Position_TL Archive,FH608_Sash,6014,sash,FH608
490,TL1338,9308_Rm6014_FH612_Sash_Position_TL Archive,FH612_Sash,6014,sash,FH612
491,TL1339,9308_Rm6014_FH611_Sash_Position_TL Archive,FH611_Sash,6014,sash,FH611
492,TL1340,9308_Rm6014_FH63_Sash_Position_TL Archive,FH63_Sash,6014,sash,FH63
493,TL1341,9308_Rm6014_FH68_Sash_Position_TL Archive,FH68_Sash,6014,sash,FH68
494,TL1342,9308_Rm6014_FH70_Sash_Position_TL Archive,FH70_Sash,6014,sash,FH70
495,TL1343,9308_Rm6014_FH64_Sash_Position_TL Archive,FH64_Sash,6014,sash,FH64
496,TL1344,9308_Rm6014_FH607_User_Status_BV_TL Archive,FH607_User_Status,6014,status,FH607
497,TL1345,9308_Rm6014_FH606_User_Status_BV_TL Archive ,FH606_User_Status,6014,status,FH606
498,TL1346,9308_Rm6014_FH605_User_Status_BV_TL Archive,FH605_User_Status,6014,status,FH605
499,TL1347,9308_Rm6014_FH609_User_Status_BV_TL Archive,FH609_User_Status,6014,status,FH609
500,TL1348,9308_Rm6014_FH610_User_Status_BV_TL Archive,FH610_User_Status,6014,status,FH610
501,TL1349,9308_Rm6014_FH608_User_Status_BV_TL Archive,FH608_User_Status,6014,status,FH608
502,TL1350,9308_Rm6014_FH612_User_Status_BV_TL Archive,FH612_User_Status,6014,status,FH612
503,TL1351,9308_Rm6014_FH611_User_Status_BV_TL Archive,FH611_User_Status,6014,status,FH611
504,TL1352,9308_Rm6014_FH63_User_Status_BV_TL Archive,FH63_User_Status,6014,status,FH63
505,TL1353,9308_Rm6014_FH68_User_Status_BV_TL Archive,FH68_User_Status,6014,status,FH68
506,TL1354,9308_Rm6014_FH70_User_Status_BV_TL Archive,FH70_User_Status,6014,status,FH70
507,TL1355,9308_Rm6014_FH64_User_Status_BV_TL Archive,FH64_User_Status,6014,status,FH64
508,TL1362,8100_RmUG001_FH412_Flow_TL Archive,FH412_Flow,UG001,flow,FH412
509,TL1363,8100_RmUG001_FH412_Flow_TL Archive,FH412_Flow,UG001,flow,FH412
510,TL1364,8100_RmUG001_FH418_Flow_TL Archive ,FH418_Flow,UG001,flow,FH418
511,TL1365,8100_RmUG001_FH418_Sash_TL Archive ,FH418_Sash,UG001,sash,FH418
512,TL1366,8100_RmUG001_FH437_Flow_TL Archive,FH437_Flow,UG001,flow,FH437
513,TL1367,8100_RmUG001_FH437_Sash_TL Archive,FH437_Sash,UG001,sash,FH437
514,TL1481,9308_Rm6014_FH68_Sash_Position_TL Archive,FH68_Sash,6014,sash,FH68
515,TL1484,9308_Rm6014_FH610_User_Status_BV_TL Archive,FH610_User_Status,6014,status,FH610
516,TL1805,6900_Rm2007B_FH448_Flow_TL Archive,FH448_Flow,2007B,flow,FH448
517,TL1806,6900_Rm2007B_FH448_Sash_TL Archive,FH448_Sash,2007B,sash,FH448
518,TL1493,8500_Rm2007_FH449_Flow_TL Archive,FH449_Flow,2007,flow,FH449
519,TL1496,8500_Rm2007_FH449_Sash_TL Archive,FH449_Sash,2007,sash,FH449
520,TL1499,8500_Rm2007_FH453_Flow_TL Archive,FH453_Flow,2007,flow,FH453
521,TL1505,8500_Rm2007_FH453_Sash_TL Archive,FH453_Sash,2007,sash,FH453
522,TL1560,8900_Rm4014_FH450_Flow_TL Archive,FH450_Flow,4014,flow,FH450
523,TL1563,8900_Rm4014_FH450_Sash_TL Archive,FH450_Sash,4014,sash,FH450
524,TL1565,8900_Rm4014_FH451_Flow_TL Archive,FH451_Flow,4014,flow,FH451
525,TL1564,8900_Rm4014_FH451_Sash_TL Archive,FH451_Sash,4014,sash,FH451
526,TL1548,8900_Rm4007_FH510_Flow_TL Archive,FH510_Flow,4007,flow,FH510
527,TL1549,8900_Rm4007_FH510_Sash_TL Archive,FH510_Sash,4007,sash,FH510
528,TL1550,8900_Rm4007_FH511_Flow_TL Archive,FH511_Flow,4007,flow,FH511
529,TL1553,8900_Rm4007_FH511_Sash_TL Archive,FH511_Sash,4007,sash,FH511
530,TL1554,8900_Rm4007_FH526_Flow_TL Archive,FH526_Flow,4007,flow,FH526
531,TL1555,8900_Rm4007_FH526_Sash_TL Archive,FH526_Sash,4007,sash,FH526
532,TL1556,8900_Rm4007_FH532_Flow_TL Archive,FH532_Flow,4007,flow,FH532
533,TL1557,8900_Rm4007_FH532_Sash_TL Archive,FH532_Sash,4007,sash,FH532
534,TL1383,8300_Rm1002_FH505_Flow_TL Archive,FH505_Flow,1002,flow,FH505
535,TL1384,8300_Rm1002_FH505_Sash_TL Archive,FH505_Sash,1002,sash,FH505
536,TL1732,9300_Rm6007_FH438_Flow_l/s_TL Archive,FH438_Flow,6007,flow,FH438
537,TL1733,9300_Rm6007_FH438_Sash_TL Archive,FH438_Sash,6007,sash,FH438
538,TL1783,9300_6007_FH438L_USER_STATUS_STATE_TL Archive,FH438L_User_Status,,status,FH438L
539,TL1734,9300_6007_FH439L_USER_STATUS_STATE_TL Archive,FH439L_User_Status,6007,status,FH439L
540,TL1737,9300_Rm6007_FH439_Sash_TL Archive,FH439_Sash,6007,sash,FH439
541,TL1784,9300_6007_FH439L_USER_STATUS_STATE_TL Archive,FH439L_User_Status,6007,status,FH439L
542,TL1740,9300_Rm6007_FH440_Flow_l/s_TL Archive,FH440_Flow,6007,flow,FH440
543,TL1743,9300_Rm6007_FH440_Sash_TL Archive,FH440_Sash,6007,sash,FH440
544,TL1785,9300_6007_FH440L_USER_STATUS_STATE_TL Archive,FH440L_User_Status,,status,FH440L
545,TL1749,9300_Rm6007_FH443_Flow_l/s_TL Archive,FH443_Flow,6007,flow,FH443
546,TL1750,9300_Rm6007_FH443_Sash_TL Archive,FH443_Sash,6007,sash,FH443
547,TL1786,9300_6007_FH443L_USER_STATUS_STATE_TL Archive,FH443L_User_Status,,status,FH443L
548,TL1807,9100_Rm5014_FH474_Flow_TL Archive,FH474_Flow,5014,flow,FH474
549,TL1808,9100_Rm5014_FH474_Sash_TL Archive,FH474_Sash,5014,sash,FH474
550,TL1809,9100_Rm5014_FH473_Flow_TL Archive,FH473_Flow,5014,flow,FH473
551,TL1810,9100_Rm5014_FH473_Sash_TL Archive,FH473_Sash,5014,sash,FH473
552,TL1724,9300_Rm6007_FH504_Flow_l/s_TL Archive,FH504_Flow,6007,flow,FH504
553,TL1725,9300_Rm6007_FH504_Sash_TL Archive,FH504_Sash,6007,sash,FH504
554,TL1842,9300_6007_FH504_USER_STATUS_STATE_TL Archive,FH504_User_Status,,status,FH504
555,TL1368,8100_RmUG002_FH401_Flow_TL Archive,FH401_Flow,UG002,flow,FH401
556,TL1369,8100_RmUG002_FH401_Sash_TL Archive,FH401_Sash,UG002,sash,FH401
557,TL1370,8100_RmUG002_FH402_Flow_TL Archive,FH402_Flow,UG002,flow,FH402
558,TL1371,8100_RmUG002_FH402_Sash_TL Archive,FH402_Sash,UG002,sash,FH402
559,TL1372,8100_RmUG002_FH403_Flow_TL Archive,FH403_Flow,UG002,flow,FH403
560,TL1373,8100_RmUG002_FH403_Sash_TL Archive,FH403_Sash,UG002,sash,FH403
561,TL1356,8100_RmUG001_FH404_Flow_TL Archive,FH404_Flow,UG001,flow,FH404
562,TL1357,8100_RmUG001_FH404_Sash_TL Archive,FH404_Sash,UG001,sash,FH404
563,TL1358,8100_RmUG001_FH405_Flow_TL Archive,FH405_Flow,UG001,flow,FH405
564,TL1359,8100_RmUG001_FH405_Sash_TL Archive,FH405_Sash,UG001,sash,FH405
565,TL1360,8100_RmUG001_FH406_Flow_TL Archive,FH406_Flow,UG001,flow,FH406
566,TL1361,8100_RmUG001_FH406_Sash_TL Archive,FH406_Sash,UG001,sash,FH406
567,TL1385,8300_Rm1003_FH407_Flow_TL Archive,FH407_Flow,1003,flow,FH407
568,TL1386,8300_Rm1003_FH407_Sash_TL Archive,FH407_Sash,1003,sash,FH407
569,TL1387,8300_Rm1003_FH408_Flow_TL Archive,FH408_Flow,1003,flow,FH408
570,TL1388,8300_Rm1003_FH408_Sash_TL Archive,FH408_Sash,1003,sash,FH408
571,TL1389,8300_Rm1003_FH409_Flow_TL Archive,FH409_Flow,1003,flow,FH409
572,TL1390,8300_Rm1003_FH409_Sash_TL Archive,FH409_Sash,1003,sash,FH409
573,TL1391,8300_Rm1003_FH410_Flow_TL Archive,FH410_Flow,1003,flow,FH410
574,TL1392,8300_Rm1003_FH410_Sash_TL Archive,FH410_Sash,1003,sash,FH410
575,TL1393,8300_Rm1003_FH411_Flow_TL Archive,FH411_Flow,1003,flow,FH411
576,TL1394,8300_Rm1003_FH411_Sash_TL Archive,FH411_Sash,1003,sash,FH411
577,TL1395,8300_Rm1003_FH413_Flow_TL Archive,FH413_Flow,1003,flow,FH413
578,TL1396,8300_Rm1003_FH413_Sash_TL Archive,FH413_Sash,1003,sash,FH413
579,TL1397,8300_Rm1003_FH414_Flow_TL Archive,FH414_Flow,1003,flow,FH414
580,TL1398,8300_Rm1003_FH414_Sash_TL Archive,FH414_Sash,1003,sash,FH414
581,TL1401,8300_Rm1003_FH415_Flow_TL Archive,FH415_Flow,1003,flow,FH415
582,TL1402,8300_Rm1003_FH415_Sash_TL Archive,FH415_Sash,1003,sash,FH415
583,TL1399,8300_Rm1003_FH416_Flow_TL Archive,FH416_Flow,1003,flow,FH416
584,TL1400,8300_Rm1003_FH416_Sash_TL Archive,FH416_Sash,1003,sash,FH416
585,TL1404,8300_Rm1003_FH417_Flow_TL Archive ,FH417_Flow,1003,flow,FH417
586,TL1403,8300_Rm1003_FH417_Sash_TL Archive,FH417_Sash,1003,sash,FH417
587,TL1405,8300_Rm1003_FH419_Flow_TL Archive,FH419_Flow,1003,flow,FH419
588,TL1406,8300_Rm1003_FH419_Sash_TL Archive,FH419_Sash,1003,sash,FH419
589,TL1412,8300_Rm1003_FH420_Flow_TL Archive,FH420_Flow,1003,flow,FH420
590,TL1413,8300_Rm1003_FH420_Sash_TL Archive,FH420_Sash,1003,sash,FH420
591,TL1414,8300_Rm1003_FH421_Flow_TL Archive,FH421_Flow,1003,flow,FH421
592,TL1415,8300_Rm1003_FH421_Sash_TL Archive,FH421_Sash,1003,sash,FH421
593,TL1416,8300_Rm1003_FH422_Flow_TL Archive,FH422_Flow,1003,flow,FH422
594,TL1417,8300_Rm1003_FH422_Sash_TL Archive,FH422_Sash,1003,sash,FH422
595,TL1418,8300_Rm1003_FH423_Flow_TL Archive,FH423_Flow,1003,flow,FH423
596,TL1419,8300_Rm1003_FH423_Sash_TL Archive,FH423_Sash,1003,sash,FH423
597,TL1420,8300_Rm1003_FH424_Flow_TL Archive,FH424_Flow,1003,flow,FH424
598,TL1421,8300_Rm1003_FH424_Sash_TL Archive,FH424_Sash,1003,sash,FH424
599,TL1422,8300_Rm1003_FH425_Flow_TL Archive,FH425_Flow,1003,flow,FH425
600,TL1423,8300_Rm1003_FH425_Sash_TL Archive,FH425_Sash,1003,sash,FH425
601,TL1424,8300_Rm1003_FH426_Flow_TL Archive,FH426_Flow,1003,flow,FH426
602,TL1425,8300_Rm1003_FH426_Sash_TL Archive,FH426_Sash,1003,sash,FH426
603,TL1426,8300_Rm1003_FH427_Flow_TL Archive,FH427_Flow,1003,flow,FH427
604,TL1427,8300_Rm1003_FH427_Sash_TL Archive,FH427_Sash,1003,sash,FH427
605,TL1428,8300_Rm1004_FH428_Flow_TL Archive,FH428_Flow,1004,flow,FH428
606,TL1429,8300_Rm1004_FH428_Sash_TL Archive,FH428_Sash,1004,sash,FH428
607,TL679,8300_Rm1004_FH429_Flow_TL Archive,FH429_Flow,1004,flow,FH429
608,TL1430,8300_Rm1004_FH429_Sash_TL Archive,FH429_Sash,1004,sash,FH429
609,TL1431,8300_Rm1004_FH430_Flow_TL Archive,FH430_Flow,1004,flow,FH430
610,TL1436,8300_Rm1004_FH430_Sash_TL Archive,FH430_Sash,1004,sash,FH430
611,TL1437,8300_Rm1004_FH431_Flow_TL Archive,FH431_Flow,1004,flow,FH431
612,TL1438,8300_Rm1004_FH431_Sash_TL Archive,FH431_Sash,1004,sash,FH431
613,TL1439,8300_Rm1004_FH432_Flow_TL Archive,FH432_Flow,1004,flow,FH432
614,TL1471,8300_Rm1004_FH432_Sash_TL Archive,FH432_Sash,1004,sash,FH432
615,TL1472,8300_Rm1004_FH433_Flow_TL Archive,FH433_Flow,1004,flow,FH433
616,TL1473,8300_Rm1004_FH433_Sash_TL Archive,FH433_Sash,1004,sash,FH433
617,TL1440,8300_Rm1004_FH441_Flow_TL Archive,FH441_Flow,1004,flow,FH441
618,TL1441,8300_Rm1004_FH441_Sash_TL Archive,FH441_Sash,1004,sash,FH441
619,TL1442,8300_Rm1004_FH442_Flow_TL Archive,FH442_Flow,1004,flow,FH442
620,TL1443,8300_Rm1004_FH442_Sash_TL Archive,FH442_Sash,1004,sash,FH442
621,TL1474,8500_Rm2007_FH444_Flow_TL Archive,FH444_Flow,2007,flow,FH444
622,TL1475,8500_Rm2007_FH444_Sash_TL Archive,FH444_Sash,2007,sash,FH444
623,TL1476,8500_Rm2007_FH445_Flow_TL Archive,FH445_Flow,2007,flow,FH445
624,TL1477,8500_Rm2007_FH445_Sash_TL Archive,FH445_Sash,2007,sash,FH445
625,TL1478,8500_Rm2007_FH446_Flow_TL Archive,FH446_Flow,2007,flow,FH446
626,TL1479,8500_Rm2007_FH446_Sash_TL Archive,FH446_Sash,2007,sash,FH446
627,TL622,8700_Rm3007_FH452_Flow_TL Archive,FH452_Flow,3007,flow,FH452
628,TL1509,8700_Rm3007_FH452_Sash_TL Archive,FH452_Sash,3007,sash,FH452
629,TL1518,8700_Rm3014_FH454_Flow_TL Archive,FH454_Flow,3014,flow,FH454
630,TL1521,8700_Rm3014_FH454_Sash_TL Archive,FH454_Sash,3014,sash,FH454
631,TL1515,8700_Rm3014_FH455_Flow_TL Archive,FH455_Flow,3014,flow,FH455
632,TL1512,8700_Rm3014_FH455_Sash_TL Archive,FH455_Sash,3014,sash,FH455
633,TL1524,8900_Rm4007_FH456_Flow_TL Archive,FH456_Flow,4007,flow,FH456
634,TL1530,8900_Rm4007_FH456_Sash_TL Archive,FH456_Sash,4007,sash,FH456
635,TL1531,8900_Rm4007_FH457_Flow_TL Archive,FH457_Flow,4007,flow,FH457
636,TL1532,8900_Rm4007_FH457_Sash_TL Archive,FH457_Sash,4007,sash,FH457
637,TL1533,8900_Rm4007_FH458_Flow_TL Archive,FH458_Flow,4007,flow,FH458
638,TL1534,8900_Rm4007_FH458_Sash_TL Archive,FH458_Sash,4007,sash,FH458
639,TL1535,8900_Rm4007_FH459_Flow_TL Archive,FH459_Flow,4007,flow,FH459
640,TL1536,8900_Rm4007_FH459_Sash_TL Archive,FH459_Sash,4007,sash,FH459
641,TL1539,8900_Rm4007_FH460_Flow_TL Archive,FH460_Flow,4007,flow,FH460
642,TL1540,8900_Rm4007_FH460_Sash_TL Archive,FH460_Sash,4007,sash,FH460
643,TL1541,8900_Rm4007_FH461_Flow_TL Archive,FH461_Flow,4007,flow,FH461
644,TL1542,8900_Rm4007_FH461_Sash_TL Archive,FH461_Sash,4007,sash,FH461
645,TL1543,8900_Rm4007_FH462_Flow_TL Archive,FH462_Flow,4007,flow,FH462
646,TL1547,8900_Rm4007_FH462_Sash_TL Archive,FH462_Sash,4007,sash,FH462
647,TL1566,8900_Rm4014_FH463_Flow_TL Archive,FH463_Flow,4014,flow,FH463
648,TL1567,8900_Rm4014_FH463_Sash_TL Archive,FH463_Sash,4014,sash,FH463
649,TL1570,8900_Rm4014_FH464_Flow_TL Archive,FH464_Flow,4014,flow,FH464
650,TL1571,8900_Rm4014_FH464_Sash_TL Archive,FH464_Sash,4014,sash,FH464
651,TL607,8900_Rm4014_FH465_Flow_TL Archive,FH465_Flow,4014,flow,FH465
652,TL1572,8900_Rm4014_FH465_Sash_TL Archive,FH465_Sash,4014,sash,FH465
653,TL1573,8900_Rm4014_FH466_Flow_TL Archive,FH466_Flow,4014,flow,FH466
654,TL1574,8900_Rm4014_FH466_Sash_TL Archive,FH466_Sash,4014,sash,FH466
655,TL1577,8900_Rm4014_FH467_Flow_TL Archive,FH467_Flow,4014,flow,FH467
656,TL1580,8900_Rm4014_FH467_Sash_TL Archive,FH467_Sash,4014,sash,FH467
657,TL1583,8900_Rm4014_FH468_Flow_TL Archive,FH468_Flow,4014,flow,FH468
658,TL1586,8900_Rm4014_FH468_Sash_TL Archive,FH468_Sash,4014,sash,FH468
659,TL1589,8900_Rm4014_FH469_Flow_TL Archive,FH469_Flow,4014,flow,FH469
660,TL1592,8900_Rm4014_FH469_Sash_TL Archive,FH469_Sash,4014,sash,FH469
661,TL1595,9100_Rm5007_FH470_Flow_TL Archive,FH470_Flow,5007,flow,FH470
662,TL1598,9100_Rm5007_FH470_Sash_TL Archive,FH470_Sash,5007,sash,FH470
663,TL1601,9100_Rm5007_FH471_Flow_TL Archive,FH471_Flow,5007,flow,FH471
664,TL1604,9100_Rm5007_FH471_Sash_TL Archive,FH471_Sash,5007,sash,FH471
665,TL1607,9100_Rm5007_FH472_Flow_TL Archive,FH472_Flow,5007,flow,FH472
666,TL1610,9100_Rm5007_FH472_Sash_TL Archive,FH472_Sash,5007,sash,FH472
667,TL1616,9100_Rm5014_FH477_Flow_TL Archive,FH477_Flow,5014,flow,FH477
668,TL1619,9100_Rm5014_FH477_Sash_TL Archive,FH477_Sash,5014,sash,FH477
669,TL1620,9100_Rm5014_FH478_Flow_TL Archive,FH478_Flow,5014,flow,FH478
670,TL1621,9100_Rm5014_FH478_Sash_TL Archive,FH478_Sash,5014,sash,FH478
671,TL1622,9100_Rm5014_FH479_Flow_TL Archive,FH479_Flow,5014,flow,FH479
672,TL1623,9100_Rm5014_FH479_Sash_TL Archive,FH479_Sash,5014,sash,FH479
673,TL1626,9100_Rm5014_FH480_Flow_TL Archive,FH480_Flow,5014,flow,FH480
674,TL1629,9100_Rm5014_FH480_Sash_TL Archive,FH480_Sash,5014,sash,FH480
675,TL1632,9100_Rm5014_FH481_Flow_TL Archive,FH481_Flow,5014,flow,FH481
676,TL1635,9100_Rm5014_FH481_Sash_TL Archive,FH481_Sash,5014,sash,FH481
677,TL1638,9100_Rm5014_FH482_Flow_TL Archive,FH482_Flow,5014,flow,FH482
678,TL1641,9100_Rm5014_FH482_Sash_TL Archive,FH482_Sash,5014,sash,FH482
679,TL1646,9100_Rm5014_FH483_Flow_TL Archive,FH483_Flow,5014,flow,FH483
680,TL1649,9100_Rm5014_FH483_Sash_TL Archive,FH483_Sash,5014,sash,FH483
681,TL1650,9100_Rm5014_FH484_Flow_TL Archive,FH484_Flow,5014,flow,FH484
682,TL1653,9100_Rm5014_FH484_Sash_TL Archive,FH484_Sash,5014,sash,FH484
683,TL1656,9300_Rm6007_FH485_Flow_l/s_TL Archive,FH485_Flow,6007,flow,FH485
684,TL1659,9300_Rm6007_FH485_Sash_TL Archive,FH485_Sash,6007,sash,FH485
685,TL1811,9300_6007_FH485_USER_STATUS_STATE_TL Archive,FH485_User_Status,6007,status,FH485
686,TL1662,9300_Rm6007_FH486_Flow_l/s_TL Archive,FH486_Flow,6007,flow,FH486
687,TL1665,9300_Rm6007_FH486_Sash_TL Archive,FH486_Sash,6007,sash,FH486
688,TL1812,9300_6007_FH486_USER_STATUS_STATE_TL Archive,FH486_User_Status,6007,status,FH486
689,TL1668,9300_Rm6007_FH487_Flow_l/s_TL Archive,FH487_Flow,6007,flow,FH487
690,TL1671,9300_Rm6007_FH487_Sash_TL Archive,FH487_Sash,6007,sash,FH487
691,TL1813,9300_6007_FH487_USER_STATUS_STATE_TL Archive,FH487_User_Status,6007,status,FH487
692,TL1674,9300_Rm6007_FH489_Flow_l/s_TL Archive,FH489_Flow,6007,flow,FH489
693,TL1677,9300_Rm6007_FH489_Sash_TL Archive,FH489_Sash,6007,sash,FH489
694,TL1814,9300_6007_FH489_USER_STATUS_STATE_TL Archive,FH489_User_Status,6007,status,FH489
695,TL1680,9300_Rm6007_FH490_Flow_l/s_TL Archive,FH490_Flow,6007,flow,FH490
696,TL1683,9300_Rm6007_FH490_Sash_TL Archive,FH490_Sash,6007,sash,FH490
697,TL1815,9300_6007_FH490_USER_STATUS_STATE_TL Archive,FH490_User_Status,6007,status,FH490
698,TL1698,9300_Rm6007_FH498_Flow_l/s_TL Archive,FH498_Flow,6007,flow,FH498
699,TL1701,9300_Rm6007_FH498_Sash_TL Archive,FH498_Sash,6007,sash,FH498
700,TL1816,9300_6007_FH498_USER_STATUS_STATE_TL Archive,FH498_User_Status,6007,status,FH498
701,TL1704,9300_Rm6007_FH499_Flow_l/s_TL Archive,FH499_Flow,6007,flow,FH499
702,TL1707,9300_Rm6007_FH499_Sash_TL Archive,FH499_Sash,6007,sash,FH499
703,TL1817,9300_6007_FH499_USER_STATUS_STATE_TL Archive,FH499_User_Status,6007,status,FH499
704,TL1710,9300_Rm6007_FH500_Flow_l/s_TL Archive,FH500_Flow,6007,flow,FH500
705,TL1711,9300_Rm6007_FH500_Sash_TL Archive,FH500_Sash,6007,sash,FH500
706,TL1818,9300_6007_FH500_USER_STATUS_STATE_TL Archive,FH500_User_Status,6007,status,FH500
707,TL1712,9300_Rm6007_FH501_Flow_l/s_TL Archive,FH501_Flow,6007,flow,FH501
708,TL1713,9300_Rm6007_FH501_Sash_TL Archive,FH501_Sash,6007,sash,FH501
709,TL1819,9300_6007_FH501_USER_STATUS_STATE_TL Archive,FH501_User_Status,6007,status,FH501
710,TL1714,9300_Rm6007_FH502_Flow_l/s_TL Archive,FH502_Flow,6007,flow,FH502
711,TL1717,9300_Rm6007_FH502_Sash_TL Archive,FH502_Sash,6007,sash,FH502
712,TL1820,9300_6007_FH502_USER_STATUS_STATE_TL Archive,FH502_User_Status,6007,status,FH502
713,TL1720,9300_Rm6007_FH503_Flow_l/s_TL Archive,FH503_Flow,6007,flow,FH503
714,TL1723,9300_Rm6007_FH503_Sash_TL Archive,FH503_Sash,6007,sash,FH503
715,TL1821,9300_6007_FH503_USER_STATUS_STATE_TL Archive,FH503_User_Status,6007,status,FH503
716,TL1686,9300_Rm6007_FH496_Flow_l/s_TL Archive,FH496_Flow,6007,flow,FH496
717,TL1689,9300_Rm6007_FH496_Sash_TL Archive,FH496_Sash,6007,sash,FH496
718,TL1822,9300_6007_FH496_USER_STATUS_STATE_TL Archive,FH496_User_Status,6007,status,FH496
719,TL1692,9300_Rm6007_FH497_Flow_l/s_TL Archive,FH497_Flow,6007,flow,FH497
720,TL1695,9300_Rm6007_FH497_Sash_TL Archive,FH497_Sash,6007,sash,FH497
721,TL1823,9300_6007_FH497_USER_STATUS_STATE_TL Archive,FH497_User_Status,6007,status,FH497
722,TL1726,9300_Rm6007_FH507_Flow_l/s_TL Archive,FH507_Flow,6007,flow,FH507
723,TL1727,9300_Rm6007_FH507_Sash_TL Archive,FH507_Sash,6007,sash,FH507
724,TL1824,9300_6007_FH507_USER_STATUS_STATE_TL Archive,FH507_User_Status,6007,status,FH507
725,TL1730,9300_Rm6007_FH508_Flow_l/s_TL Archive,FH508_Flow,6007,flow,FH508
726,TL1731,9300_Rm6007_FH508_Sash_TL Archive,FH508_Sash,6007,sash,FH508
727,TL1825,9300_6007A_FH508_USER_STATUS_STATE_TL Archive,FH508_User_Status,6007,status,FH508
728,TL1751,9300_Rm6014_FH512_Flow_TL Archive,FH512_Flow,6014,flow,FH512
729,TL1752,9300_Rm6014_FH512_Sash_TL Archive,FH512_Sash,6014,sash,FH512
730,TL1826,9300_6014_FH512_USER_STATUS_STATE_TL Archive,FH512_User_Status,6014,status,FH512
731,TL1753,9300_Rm6014_FH513_Flow_TL Archive,FH513_Flow,6014,flow,FH513
732,TL1754,9300_Rm6014_FH513_Sash_TL Archive,FH513_Sash,6014,sash,FH513
733,TL1827,9300_6014_FH513_USER_STATUS_STATE_TL Archive,FH513_User_Status,6014,status,FH513
734,TL1755,9300_Rm6014_FH514_Flow_TL Archive,FH514_Flow,6014,flow,FH514
735,TL1756,9300_Rm6014_FH514_Sash_TL Archive,FH514_Sash,6014,sash,FH514
736,TL1828,9300_6014_FH514_USER_STATUS_STATE_TL Archive,FH514_User_Status,6014,status,FH514
737,TL1757,9300_Rm6014_FH515_Flow_TL Archive,FH515_Flow,6014,flow,FH515
738,TL1758,9300_Rm6014_FH515_Sash_TL Archive,FH515_Sash,6014,sash,FH515
739,TL1829,9300_6014_FH515_USER_STATUS_STATE_TL Archive,FH515_User_Status,6014,status,FH515
740,TL1759,9300_Rm6014_FH516_Flow_TL Archive,FH516_Flow,6014,flow,FH516
741,TL1760,9300_Rm6014_FH516_Sash_TL Archive,FH516_Sash,6014,sash,FH516
742,TL1830,9300_6014_FH516_USER_STATUS_STATE_TL Archive,FH516_User_Status,6014,status,FH516
743,TL1761,9300_Rm6014_FH518_Flow_TL Archive,FH518_Flow,6014,flow,FH518
744,TL1762,9300_Rm6014_FH518_Sash_TL Archive,FH518_Sash,6014,sash,FH518
745,TL1831,9300_6014_FH518_USER_STATUS_STATE_TL Archive,FH518_User_Status,6014,status,FH518
746,TL1763,9300_Rm6014_FH519_Flow_TL Archive,FH519_Flow,6014,flow,FH519
747,TL1764,9300_Rm6014_FH519_Sash_TL Archive,FH519_Sash,6014,sash,FH519
748,TL1832,9300_6014_FH519_USER_STATUS_STATE_TL Archive,FH519_User_Status,6014,status,FH519
749,TL1765, 9300_Rm6014_FH521_Flow_TL Archive,FH521_Flow,6014,flow,FH521
750,TL1766,9300_Rm6014_FH521_Sash_TL Archive,FH521_Sash,6014,sash,FH521
751,TL1833,9300_6014_FH521_USER_STATUS_STATE_TL Archive,FH521_User_Status,6014,status,FH521
752,TL1767,9300_Rm6014_FH522_Flow_TL Archive,FH522_Flow,6014,flow,FH522
753,TL1768,9300_Rm6014_FH522_Sash_TL Archive,FH522_Sash,6014,sash,FH522
754,TL1834,9300_6014_FH522_USER_STATUS_STATE_TL Archive,FH522_User_Status,6014,status,FH522
755,TL1769,9300_Rm6014_FH523_Flow_TL Archive,FH523_Flow,6014,flow,FH523
756,TL1770,9300_Rm6014_FH523_Sash_TL Archive,FH523_Sash,6014,sash,FH523
757,TL1835,9300_6014_FH523_USER_STATUS_STATE_TL Archive,FH523_User_Status,6014,status,FH523
758,TL1771,9300_Rm6014_FH524_Flow_TL Archive,FH524_Flow,6014,flow,FH524
759,TL1772,9300_Rm6014_FH524_Sash_TL Archive,FH524_Sash,6014,sash,FH524
760,TL1836,9300_6014_FH524_USER_STATUS_STATE_TL Archive,FH524_User_Status,6014,status,FH524
761,TL1773,9300_Rm6014_FH525_Flow_TL Archive,FH525_Flow,6014,flow,FH525
762,TL1774,9300_Rm6014_FH525_Sash_TL Archive,FH525_Sash,6014,sash,FH525
763,TL1837,9300_6014_FH525_USER_STATUS_STATE_TL Archive,FH525_User_Status,6014,status,FH525
764,TL1775,9300_Rm6014_FH528_Flow_TL Archive,FH528_Flow,6014,flow,FH528
765,TL1776,9300_Rm6014_FH528_Sash_TL Archive,FH528_Sash,6014,sash,FH528
766,TL1838,9300_6014_FH528_USER_STATUS_STATE_TL Archive,FH528_User_Status,6014,status,FH528
767,TL1777,9300_Rm6014_FH529_Flow_TL Archive,FH529_Flow,6014,flow,FH529
768,TL1778,9300_Rm6014_FH529_Sash_TL Archive,FH529_Sash,6014,sash,FH529
769,TL1839,9300_6014_FH529_USER_STATUS_STATE_TL Archive,FH529_User_Status,6014,status,FH529
770,TL1779,9300_Rm6014_FH530_Flow_TL Archive,FH530_Flow,6014,flow,FH530
771,TL1780,9300_Rm6014_FH530_Sash_TL Archive,FH530_Sash,6014,sash,FH530
772,TL1840,9300_6014_FH530_USER_STATUS_STATE_TL Archive,FH530_User_Status,6014,status,FH530
773,TL1781,9300_Rm6014_FH531_Flow_TL Archive,FH531_Flow,6014,flow,FH531
774,TL1782,9300_Rm6014_FH531_Sash_TL Archive,FH531_Sash,6014,sash,FH531
775,TL1841,9300_6014_FH531_USER_STATUS_STATE_TL Archive,FH531_User_Status,6014,status,FH531
